Course,Course Title,Sec Term,Total Sections Term,Ztc Sections Term,Surveys Submitted Term,Pending Surveys Term,Survey Completion Pct Term,Ztc Percent Term
TEST-101,Choice One,2026/FA,16.00,16.00,16.00,0.00,100,100
TEST-102,Choice Two,2026/FA,4.00,4.00,4.00,0.00,100,100
TEST-103,Choice Three,2026/FA,2.00,0.00,2.00,0.00,100,0
TEST-111,Choice One,2026/FA,3.00,3.00,3.00,0.00,100,100
TEST-112,Choice Two,2026/FA,3.00,3.00,3.00,0.00,100,100
TEST-113,Choice Three,2026/FA,3.00,0.00,3.00,0.00,100,0
TEST-114,Choice Four,2026/FA,3.00,0.00,3.00,0.00,100,0
ART-101,Arts One,2026/FA,2.00,2.00,2.00,0.00,100,100
ART-102,Arts Two,2026/FA,2.00,0.00,2.00,0.00,100,0
HUM-101,Humanities One,2026/FA,2.00,0.00,2.00,0.00,100,0
HUM-102,Humanities Two,2026/FA,2.00,2.00,2.00,0.00,100,100
CORE-101,Core One,2026/FA,2.00,2.00,2.00,0.00,100,100
CORE-102,Core Two,2026/FA,2.00,2.00,2.00,0.00,100,100
COMP-101,Composition,2026/FA,2.00,2.00,2.00,0.00,100,100
CRIT-101,Critical Thinking,2026/FA,2.00,2.00,2.00,0.00,100,100
ORAL-101,Oral Communication One,2026/FA,2.00,0.00,2.00,0.00,100,0
ORAL-102,Oral Communication Two,2026/FA,2.00,2.00,2.00,0.00,100,100
BUND-101,Lecture,2026/FA,2.00,2.00,2.00,0.00,100,100
ALT-101,Alternative,2026/FA,2.00,2.00,2.00,0.00,100,100
SCI-101,Physical Science,2026/FA,2.00,2.00,2.00,0.00,100,100
SCI-101L,Physical Science Laboratory,2026/FA,2.00,2.00,2.00,0.00,100,100
BIO-101,Biological Science,2026/FA,2.00,2.00,2.00,0.00,100,100
ETHN-101,Ethnic Studies,2026/FA,2.00,2.00,2.00,0.00,100,100
DUP-101,Shared Course,2026/FA,2.00,2.00,2.00,0.00,80,100
DUP-102,First Area Course,2026/FA,2.00,2.00,2.00,0.00,100,100
BAD-101,Fractional Count,2026/FA,16.50,1.50,2.50,0.50,100,100
