Program Entity Title,Program Status,Course Subject Code,Course Block Item Course Number,Course Block Item Course Title,Course Block Title,Min Units,Header Identifier (*),Group Title,Condition
Choose Two Certificate,Active,TEST,101,Choice One,Any two courses,3,,,
Choose Two Certificate,Active,TEST,102,Choice Two,Any two courses,3,,,
Choose Two Certificate,Active,TEST,103,Choice Three,Any two courses,4,,,
Choose Three Certificate,Active,TEST,111,Choice One,Any three courses,3,,,
Choose Three Certificate,Active,TEST,112,Choice Two,Any three courses,3,,,
Choose Three Certificate,Active,TEST,113,Choice Three,Any three courses,4,,,
Choose Three Certificate,Active,TEST,114,Choice Four,Any three courses,5,,,
Grouped Curriculum,Active,ART,101,Arts One,A - Arts (one course),3,,,
Grouped Curriculum,Active,ART,102,Arts Two,A - Arts (one course),4,,,
Grouped Curriculum,Active,HUM,101,Humanities One,B - Humanities (one course),3,,,
Grouped Curriculum,Active,HUM,102,Humanities Two,B - Humanities (one course),4,,,
Grouped Curriculum,Active,,,,AREA 3: Arts and Humanities (Required - two courses),,,,
Required Core Certificate,Active,CORE,101,Core One,Required Core,3,,,
Required Core Certificate,Active,CORE,102,Core Two,Required Core,3,,,
Required Core Certificate,Active,CORE,103,Core Three,Required Core,4,,,
Component Curriculum,Active,COMP,101,Composition,1A - Composition (Required),3,,,
Component Curriculum,Active,CRIT,101,Critical Thinking,1B - Critical Thinking (Required),3,,,
Component Curriculum,Active,ORAL,101,Oral Communication One,1C - Oral Communication (Required),3,,,
Component Curriculum,Active,ORAL,102,Oral Communication Two,1C - Oral Communication (Required),3,,,
Component Curriculum,Active,,,,AREA 1: Communication,,,,
AND Bundle Certificate,Active,,,,Any one course,,,Group 1,
AND Bundle Certificate,Active,BUND,101,Lecture,Any one course,3,,,
AND Bundle Certificate,Active,BUND,101L,Laboratory,Any one course,1,,,and
AND Bundle Certificate,Active,,,,Any one course,,,Group 2,
AND Bundle Certificate,Active,ALT,101,Alternative,Any one course,4,,,or
Lab Constraint Curriculum,Active,SCI,101,Physical Science,A - Physical Sciences (one course),3,*,,
Lab Constraint Curriculum,Active,SCI,101L,Physical Science Laboratory,A - Physical Sciences (one course),1,*,,
Lab Constraint Curriculum,Active,BIO,101,Biological Science,B - Biological Sciences (one course),3,,,
Lab Constraint Curriculum,Active,,,,C - Laboratory Science,,,,
Lab Constraint Curriculum,Active,,,,AREA 5: Physical and Biological Sciences (Required - two courses),,,,
Lab Constraint Curriculum,Active,ETHN,101,Ethnic Studies,AREA 6: Ethnic Studies (Required - one course),3,,,
Duplicate Metrics Certificate,Active,DUP,101,Shared Course,Required Core,3,,,
Duplicate Metrics Certificate,Active,DUP,102,First Area Course,Required Core,3,,,
Duplicate Metrics Certificate,Active,DUP,101,Shared Course,Required Courses,3,,,
